upstream_headword	display_headword	source	review_status
अखानुअखानो	अखानु/अखानो	data/headwords.tsv@pre-2026-08-05	reviewed
अगेनुअगेनो	अगेनु/अगेनो	data/headwords.tsv@pre-2026-08-05	reviewed
अचानुअचानो	अचानु/अचानो	data/headwords.tsv@pre-2026-08-05	reviewed
अड्डा बस्नुलाग्नु	अड्डा बस्नु/लाग्नु	data/headwords.tsv@pre-2026-08-05	reviewed
अनिच्छुअनिच्छुक	अनिच्छु/अनिच्छुक	data/headwords.tsv@pre-2026-08-05	reviewed
अर्धानुअर्धानो	अर्धानु/अर्धानो	data/headwords.tsv@pre-2026-08-05	reviewed
इन्द्रधनुधनुष	इन्द्रधनु/धनुष	data/headwords.tsv@pre-2026-08-05	reviewed
उत्तानुउत्तानू	उत्तानु/उत्तानू	data/headwords.tsv@pre-2026-08-05	reviewed
ओबानुओबानो	ओबानु/ओबानो	data/headwords.tsv@pre-2026-08-05	reviewed
ओभानुओभानो	ओभानु/ओभानो	data/headwords.tsv@pre-2026-08-05	reviewed
ओल्सनुओल्सिनु	ओल्सनु/ओल्सिनु	data/headwords.tsv@pre-2026-08-05	reviewed
खिच्चुखिच्चुक	खिच्चु/खिच्चुक	data/headwords.tsv@pre-2026-08-05	reviewed
गल कट्नुकट्नो	गल कट्नु/कट्नो	data/headwords.tsv@pre-2026-08-05	reviewed
चिनुबानुचिनुबानो	चिनुबानु/चिनुबानो	data/headwords.tsv@pre-2026-08-05	reviewed
चुरचुराउनुचुरचुरिनु	चुरचुराउनु/चुरचुरिनु	data/headwords.tsv@pre-2026-08-05	reviewed
छरपस्टिनुछरपुस्टिनु	छरपस्टिनु/छरपुस्टिनु	data/headwords.tsv@pre-2026-08-05	reviewed
छानुछानो	छानु/छानो	data/headwords.tsv@pre-2026-08-05	reviewed
जक्खुजक्खे	जक्खु/जक्खे	data/headwords.tsv@pre-2026-08-05	reviewed
जात्रुजात्रे	जात्रु/जात्रे	data/headwords.tsv@pre-2026-08-05	reviewed
जामुनुजामुनो	जामुनु/जामुनो	data/headwords.tsv@pre-2026-08-05	reviewed
जिम्रिनुजिम्लिनु	जिम्रिनु/जिम्लिनु	data/headwords.tsv@pre-2026-08-05	reviewed
जेठाजुजेठाज्यू	जेठाजु/जेठाज्यू	data/headwords.tsv@pre-2026-08-05	reviewed
झप्कनुझप्किनु	झप्कनु/झप्किनु	data/headwords.tsv@pre-2026-08-05	reviewed
झल्लुझल्लो	झल्लु/झल्लो	data/headwords.tsv@pre-2026-08-05	reviewed
टुइँकनुटुइँकिनु	टुइँकनु/टुइँकिनु	data/headwords.tsv@pre-2026-08-05	reviewed
ट्वाँटी कस्नुहाल्नु	ट्वाँटी कस्नु/हाल्नु	data/headwords.tsv@pre-2026-08-05	reviewed
ढिस्कनुढिस्कनो	ढिस्कनु/ढिस्कनो	data/headwords.tsv@pre-2026-08-05	reviewed
ढिस्कानुढिस्कानो	ढिस्कानु/ढिस्कानो	data/headwords.tsv@pre-2026-08-05	reviewed
तलेजुतलेज्यू	तलेजु/तलेज्यू	data/headwords.tsv@pre-2026-08-05	reviewed
दप्कनुदप्किनु	दप्कनु/दप्किनु	data/headwords.tsv@pre-2026-08-05	reviewed
दिव्यचक्षुदृष्टि	दिव्यचक्षु/दृष्टि	data/headwords.tsv@pre-2026-08-05	reviewed
नापिनुनाप्पिनु	नापिनु/नाप्पिनु	data/headwords.tsv@pre-2026-08-05	reviewed
न्यानुन्यानो	न्यानु/न्यानो	data/headwords.tsv@pre-2026-08-05	reviewed
पाउजुपाउजेब	पाउजु/पाउजेब	data/headwords.tsv@pre-2026-08-05	reviewed
पाहुनुपाहुनो	पाहुनु/पाहुनो	data/headwords.tsv@pre-2026-08-05	reviewed
पुतुपुतुरो	पुतु/पुतुरो	data/headwords.tsv@pre-2026-08-05	reviewed
पुरानुपुरानो	पुरानु/पुरानो	data/headwords.tsv@pre-2026-08-05	reviewed
पेनुपेनो	पेनु/पेनो	data/headwords.tsv@pre-2026-08-05	reviewed
फलानुफलानो	फलानु/फलानो	data/headwords.tsv@pre-2026-08-05	reviewed
फालहान्नुहाल्नु	फालहान्नु/हाल्नु	data/headwords.tsv@pre-2026-08-05	reviewed
बयालुबयालो	बयालु/बयालो	data/headwords.tsv@pre-2026-08-05	reviewed
बराजुबराज्यू	बराजु/बराज्यू	data/headwords.tsv@pre-2026-08-05	reviewed
बान्नुबान्नो	बान्नु/बान्नो	data/headwords.tsv@pre-2026-08-05	reviewed
बेथुबेथे	बेथु/बेथे	data/headwords.tsv@pre-2026-08-05	reviewed
बेन्जुबेन्जो	बेन्जु/बेन्जो	data/headwords.tsv@pre-2026-08-05	reviewed
भकानुभकानो	भकानु/भकानो	data/headwords.tsv@pre-2026-08-05	reviewed
भक्कानुभक्कानो	भक्कानु/भक्कानो	data/headwords.tsv@pre-2026-08-05	reviewed
भेट्नुभेट्नो	भेट्नु/भेट्नो	data/headwords.tsv@pre-2026-08-05	reviewed
मुतुनुमुतुनो	मुतुनु/मुतुनो	data/headwords.tsv@pre-2026-08-05	reviewed
लयालुलयालो	लयालु/लयालो	data/headwords.tsv@pre-2026-08-05	reviewed
लेथ्नुलेथ्नो	लेथ्नु/लेथ्नो	data/headwords.tsv@pre-2026-08-05	reviewed
लेस्नुलेस्नो	लेस्नु/लेस्नो	data/headwords.tsv@pre-2026-08-05	reviewed
शाक्य भिक्षुभिक्षुक	शाक्य भिक्षु/भिक्षुक	data/headwords.tsv@pre-2026-08-05	reviewed
शुभेच्छुशुभेच्छुक	शुभेच्छु/शुभेच्छुक	data/headwords.tsv@pre-2026-08-05	reviewed
ससानुससानो	ससानु/ससानो	data/headwords.tsv@pre-2026-08-05	reviewed
साहिनुसाहिनो	साहिनु/साहिनो	data/headwords.tsv@pre-2026-08-05	reviewed
सिप्किनुसिप्किनो	सिप्किनु/सिप्किनो	data/headwords.tsv@pre-2026-08-05	reviewed
सिम्कनुसिम्किनु	सिम्कनु/सिम्किनु	data/headwords.tsv@pre-2026-08-05	reviewed
सुली चढाउनुहाल्नु	सुली चढाउनु/हाल्नु	data/headwords.tsv@pre-2026-08-05	reviewed
स्यानुस्यानो	स्यानु/स्यानो	data/headwords.tsv@pre-2026-08-05	reviewed
हाहुहाहो	हाहु/हाहो	data/headwords.tsv@pre-2026-08-05	reviewed
