word	class	source	review_status
गोरी	feminine_adjective	Notices-3(क)(ऊ)-4	reviewed
काली	feminine_adjective	Notices-3(क)(ऊ)-4	reviewed
ठुली	feminine_adjective	Notices-3(क)(ऊ)-4	reviewed
सानी	feminine_adjective	Notices-3(क)(ऊ)-4	reviewed
लाटी	feminine_adjective	Notices-3(क)(ऊ)-4	reviewed
मोटी	feminine_adjective	Notices-3(क)(ऊ)-4	reviewed
चुच्ची	feminine_adjective	Notices-3(क)(ऊ)-4	reviewed
छुच्ची	feminine_adjective	Notices-3(क)(ऊ)-4	reviewed
फर्सी	inanimate_noun	Notices-3(क)(ऊ)-6	reviewed
कोपी	inanimate_noun	Notices-3(क)(ऊ)-6	reviewed
गाडी	inanimate_noun	Notices-3(क)(ऊ)-6	reviewed
गुन्द्री	inanimate_noun	Notices-3(क)(ऊ)-6	reviewed
कैंची	inanimate_noun	Notices-3(क)(ऊ)-6	reviewed
बाल्टी	inanimate_noun	Notices-3(क)(ऊ)-6	reviewed
धोती	inanimate_noun	Notices-3(क)(ऊ)-6	reviewed
राडी	inanimate_noun	Notices-3(क)(ऊ)-6	reviewed
पाखी	inanimate_noun	Notices-3(क)(ऊ)-6	reviewed
थाली	inanimate_noun	Notices-3(क)(ऊ)-6	reviewed
कागती	ps_inanimate_noun	PS-Saisanik-ह्रस्वदीर्घ-(थ)	reviewed
नासपाती	ps_inanimate_noun	PS-Saisanik-ह्रस्वदीर्घ-(थ)	reviewed
दही	ps_inanimate_noun	PS-Saisanik-ह्रस्वदीर्घ-(थ)	reviewed
मही	ps_inanimate_noun	PS-Saisanik-ह्रस्वदीर्घ-(थ)	reviewed
ठेकी	ps_inanimate_noun	PS-Saisanik-ह्रस्वदीर्घ-(थ)	reviewed
कोदाली	ps_inanimate_noun	PS-Saisanik-ह्रस्वदीर्घ-(थ);Notices-3(क)(ऊ)-6	reviewed
टोपी	ps_inanimate_noun	PS-Saisanik-ह्रस्वदीर्घ-(थ)	reviewed
छाती	ps_inanimate_noun	PS-Saisanik-ह्रस्वदीर्घ-(थ)	reviewed
मसी	ps_inanimate_noun	PS-Saisanik-ह्रस्वदीर्घ-(थ)	reviewed
बारी	ps_inanimate_noun	PS-Saisanik-ह्रस्वदीर्घ-(थ)	reviewed
बाली	ps_inanimate_noun	PS-Saisanik-ह्रस्वदीर्घ-(थ)	reviewed
