left	right	source	review_status
परराष्ट्र	मन्त्रालय	PS-Saisanik:5(आ)(ख)	reviewed
नेपाल	सरकार	PS-Saisanik:5(आ)(ख)	reviewed
नगर	विकास	PS-Saisanik:5(आ)(ख)	reviewed
सडक	सुधार	PS-Saisanik:5(आ)(ख)	reviewed
समाज	सेवा	PS-Saisanik:5(आ)(ख)	reviewed
मानव	धर्म	PS-Saisanik:5(आ)(ख)	reviewed
अध्ययन	प्रतिवेदन	PS-Saisanik:5(आ)(ख)	reviewed
परिवार	नियोजन	PS-Saisanik:5(आ)(ख)	reviewed
मानव	अधिकार	PS-Saisanik:5(आ)(ख)	reviewed
संविधान	सभा	PS-Saisanik:5(आ)(ख)	reviewed
संसद्	भवन	PS-Saisanik:5(आ)(ख)	reviewed
समुद्घाटन	समारोह	PS-Saisanik:5(आ)(ख)	reviewed
समापन	समारोह	PS-Saisanik:5(आ)(ख)	reviewed
श्रम	विभाग	PS-Saisanik:5(आ)(ख)	reviewed
वन	संरक्षण	PS-Saisanik:5(आ)(ख)	reviewed
देश	विकास	PS-Saisanik:5(आ)(ख)	reviewed
शिक्षा	विभाग	PS-Saisanik:5(आ)(ख)	reviewed
जीवन	रक्षक	PS-Saisanik:5(आ)(ख)	reviewed
सञ्चार	गृह	PS-Saisanik:5(आ)(ख)	reviewed
सुरक्षा	व्यवस्था	PS-Saisanik:5(आ)(ख)	reviewed
फलफूल	पसल	PS-Saisanik:5(आ)(ख)	reviewed
यातायात	विभाग	PS-Saisanik:5(आ)(ख)	reviewed
