word	source	review_status
तनु	PS-Saisanik-तत्सम-ह्रस्वदीर्घ-(छ)	reviewed
शन्तनु	PS-Saisanik-तत्सम-ह्रस्वदीर्घ-(छ)	reviewed
भानु	PS-Saisanik-तत्सम-ह्रस्वदीर्घ-(छ)	reviewed
शम्भु	PS-Saisanik-तत्सम-ह्रस्वदीर्घ-(छ)	reviewed
विभु	PS-Saisanik-तत्सम-ह्रस्वदीर्घ-(छ)	reviewed
प्रभु	PS-Saisanik-तत्सम-ह्रस्वदीर्घ-(छ)	reviewed
साधु	PS-Saisanik-तत्सम-ह्रस्वदीर्घ-(छ)	reviewed
चरु	PS-Saisanik-तत्सम-ह्रस्वदीर्घ-(छ)	reviewed
गुरु	PS-Saisanik-तत्सम-ह्रस्वदीर्घ-(छ)	reviewed
सुचारु	PS-Saisanik-तत्सम-ह्रस्वदीर्घ-(छ)	reviewed
भीरु	PS-Saisanik-तत्सम-ह्रस्वदीर्घ-(छ)	reviewed
श्रद्धालु	PS-Saisanik-तत्सम-ह्रस्वदीर्घ-(छ)	reviewed
दयालु	PS-Saisanik-तत्सम-ह्रस्वदीर्घ-(छ)	reviewed
ईर्ष्यालु	PS-Saisanik-तत्सम-ह्रस्वदीर्घ-(छ)	reviewed
कृपालु	PS-Saisanik-तत्सम-ह्रस्वदीर्घ-(छ)	reviewed
