ending	form	source	review_status
ायो	finite	Brihat:पठाउनु;Pragya:पठाउनु;reviewed-regular-aaunu	reviewed
ाइन्	finite	Brihat:पठाउनु;Pragya:पठाउनु;reviewed-regular-aaunu	reviewed
ाइयो	finite	Brihat:पठाउनु;Pragya:पठाउनु;reviewed-regular-aaunu	reviewed
ाएँ	finite	Brihat:पठाउनु;Pragya:पठाउनु;reviewed-regular-aaunu	reviewed
ाए	finite	Brihat:पठाउनु;Pragya:पठाउनु;reviewed-regular-aaunu	reviewed
ाउँछ	finite	Brihat:पठाउनु;Pragya:पठाउनु;reviewed-regular-aaunu	reviewed
ाउँछन्	finite	Brihat:पठाउनु;Pragya:पठाउनु;reviewed-regular-aaunu	reviewed
ाउँछु	finite	Brihat:पठाउनु;Pragya:पठाउनु;reviewed-regular-aaunu	reviewed
ाउँछौ	finite	Brihat:पठाउनु;Pragya:पठाउनु;reviewed-regular-aaunu	reviewed
ाउनुभयो	finite	Brihat:पठाउनु;Pragya:पठाउनु;reviewed-regular-aaunu	reviewed
ाएको	participle	Brihat:पठाउनु;Pragya:पठाउनु;reviewed-regular-aaunu	reviewed
ाएका	participle	Brihat:पठाउनु;Pragya:पठाउनु;reviewed-regular-aaunu	reviewed
ाएकी	participle	Brihat:पठाउनु;Pragya:पठाउनु;reviewed-regular-aaunu	reviewed
ाउने	participle	Brihat:पठाउनु;Pragya:पठाउनु;reviewed-regular-aaunu	reviewed
ाउँदै	participle	Brihat:पठाउनु;Pragya:पठाउनु;reviewed-regular-aaunu	reviewed
ाउनु	infinitive	Brihat:पठाउनु;Pragya:पठाउनु;reviewed-regular-aaunu	reviewed
ाएर	converb	Brihat:पठाउनु;Pragya:पठाउनु;reviewed-regular-aaunu	reviewed
